Country or Area,Year,Area,Sex,City,State,City type,Record Type,Reliability,Source Year,Value,Value Footnotes
United States of America,2012,Total,Both Sexes,Abilene ,Texas,City proper,Estimate - de jure,"Final figure, complete",2014,118887,"1,2"
United States of America,2012,Total,Both Sexes,Akron ,Ohio,City proper,Estimate - de jure,"Final figure, complete",2014,198549,"1,2"
United States of America,2012,Total,Both Sexes,Albuquerque ,New Mexico,City proper,Estimate - de jure,"Final figure, complete",2014,555417,"1,2"
United States of America,2012,Total,Both Sexes,Alexandria ,Virginia,City proper,Estimate - de jure,"Final figure, complete",2014,146294,"1,2"
United States of America,2012,Total,Both Sexes,Allentown ,Pennsylvania,City proper,Estimate - de jure,"Final figure, complete",2014,118974,"1,2"
United States of America,2012,Total,Both Sexes,Amarillo ,Texas,City proper,Estimate - de jure,"Final figure, complete",2014,195250,"1,2"
United States of America,2012,Total,Both Sexes,Anaheim ,California,City proper,Estimate - de jure,"Final figure, complete",2014,343248,"1,2"
United States of America,2012,Total,Both Sexes,Anchorage ,Alaska,City proper,Estimate - de jure,"Final figure, complete",2014,298610,"1,2"
United States of America,2012,Total,Both Sexes,Ann Arbor ,Michigan,City proper,Estimate - de jure,"Final figure, complete",2014,116121,"1,2"
United States of America,2012,Total,Both Sexes,Antioch ,California,City proper,Estimate - de jure,"Final figure, complete",2014,105508,"1,2"
United States of America,2012,Total,Both Sexes,Arlington ,Texas,City proper,Estimate - de jure,"Final figure, complete",2014,375600,"1,2"
United States of America,2012,Total,Both Sexes,Arvada ,Colorado,City proper,Estimate - de jure,"Final figure, complete",2014,109745,"1,2"
United States of America,2012,Total,Both Sexes,Athens ,Georgia,City proper,Estimate - de jure,"Final figure, complete",2014,118999,"1,2"
United States of America,2012,Total,Both Sexes,Atlanta ,Georgia,City proper,Estimate - de jure,"Final figure, complete",2014,443775,"1,2"
United States of America,2012,Total,Both Sexes,Augusta ,Georgia,City proper,Estimate - de jure,"Final figure, complete",2014,197872,"1,2"
United States of America,2012,Total,Both Sexes,Aurora ,Colorado,City proper,Estimate - de jure,"Final figure, complete",2014,339030,"1,2"
United States of America,2012,Total,Both Sexes,Aurora ,Illinois,City proper,Estimate - de jure,"Final figure, complete",2014,199932,"1,2"
United States of America,2012,Total,Both Sexes,Austin ,Texas,City proper,Estimate - de jure,"Final figure, complete",2014,842592,"1,2"
United States of America,2012,Total,Both Sexes,Bakersfield ,California,City proper,Estimate - de jure,"Final figure, complete",2014,358597,"1,2"
United States of America,2012,Total,Both Sexes,Baltimore ,Maryland,City proper,Estimate - de jure,"Final figure, complete",2014,621342,"1,2"
United States of America,2012,Total,Both Sexes,Baton Rouge ,Louisiana,City proper,Estimate - de jure,"Final figure, complete",2014,230058,"1,2"
United States of America,2012,Total,Both Sexes,Beaumont ,Texas,City proper,Estimate - de jure,"Final figure, complete",2014,118228,"1,2"
United States of America,2012,Total,Both Sexes,Bellevue ,Washington,City proper,Estimate - de jure,"Final figure, complete",2014,126439,"1,2"
United States of America,2012,Total,Both Sexes,Berkeley ,California,City proper,Estimate - de jure,"Final figure, complete",2014,115403,"1,2"
United States of America,2012,Total,Both Sexes,Billings ,Montana,City proper,Estimate - de jure,"Final figure, complete",2014,106954,"1,2"
United States of America,2012,Total,Both Sexes,Birmingham ,Alabama,City proper,Estimate - de jure,"Final figure, complete",2014,212038,"1,2"
United States of America,2012,Total,Both Sexes,Boise City ,Idaho,City proper,Estimate - de jure,"Final figure, complete",2014,212303,"1,2"
United States of America,2012,Total,Both Sexes,Boston ,Massachusetts,City proper,Estimate - de jure,"Final figure, complete",2014,636479,"1,2"
United States of America,2012,Total,Both Sexes,Boulder ,Colorado,City proper,Estimate - de jure,"Final figure, complete",2014,101808,"1,2"
United States of America,2012,Total,Both Sexes,Bridgeport ,Connecticut,City proper,Estimate - de jure,"Final figure, complete",2014,146425,"1,2"
United States of America,2012,Total,Both Sexes,Brownsville ,Texas,City proper,Estimate - de jure,"Final figure, complete",2014,180097,"1,2"
United States of America,2012,Total,Both Sexes,Buffalo ,New York,City proper,Estimate - de jure,"Final figure, complete",2014,259384,"1,2"
United States of America,2012,Total,Both Sexes,Burbank ,California,City proper,Estimate - de jure,"Final figure, complete",2014,104391,"1,2"
United States of America,2012,Total,Both Sexes,Carlsbad ,California,City proper,Estimate - de jure,"Final figure, complete",2014,109318,"1,2"
United States of America,2012,Total,Both Sexes,Cambridge ,Massachusetts,City proper,Estimate - de jure,"Final figure, complete",2014,106471,"1,2"
United States of America,2012,Total,Both Sexes,Cape Coral ,Florida,City proper,Estimate - de jure,"Final figure, complete",2014,161248,"1,2"
United States of America,2012,Total,Both Sexes,Carrollton ,Texas,City proper,Estimate - de jure,"Final figure, complete",2014,125409,"1,2"
United States of America,2012,Total,Both Sexes,Cary ,North Carolina,City proper,Estimate - de jure,"Final figure, complete",2014,145693,"1,2"
United States of America,2012,Total,Both Sexes,Cedar Rapids ,Iowa,City proper,Estimate - de jure,"Final figure, complete",2014,128119,"1,2"
United States of America,2012,Total,Both Sexes,Centennial ,Colorado,City proper,Estimate - de jure,"Final figure, complete",2014,103743,"1,2"
United States of America,2012,Total,Both Sexes,Chandler ,Arizona,City proper,Estimate - de jure,"Final figure, complete",2014,245628,"1,2"
United States of America,2012,Total,Both Sexes,Charleston ,South Carolina,City proper,Estimate - de jure,"Final figure, complete",2014,125583,"1,2"
United States of America,2012,Total,Both Sexes,Charlotte ,North Carolina,City proper,Estimate - de jure,"Final figure, complete",2014,775202,"1,2"
United States of America,2012,Total,Both Sexes,Chattanooga ,Tennessee,City proper,Estimate - de jure,"Final figure, complete",2014,171279,"1,2"
United States of America,2012,Total,Both Sexes,Chesapeake ,Virginia,City proper,Estimate - de jure,"Final figure, complete",2014,228417,"1,2"
United States of America,2012,Total,Both Sexes,Chicago ,Illinois,City proper,Estimate - de jure,"Final figure, complete",2014,2714856,"1,2"
United States of America,2012,Total,Both Sexes,Chula Vista ,California,City proper,Estimate - de jure,"Final figure, complete",2014,252422,"1,2"
United States of America,2012,Total,Both Sexes,Cincinnati ,Ohio,City proper,Estimate - de jure,"Final figure, complete",2014,296550,"1,2"
United States of America,2012,Total,Both Sexes,Clarksville ,Tennessee,City proper,Estimate - de jure,"Final figure, complete",2014,142519,"1,2"
United States of America,2012,Total,Both Sexes,Clearwater ,Florida,City proper,Estimate - de jure,"Final figure, complete",2014,108732,"1,2"
United States of America,2012,Total,Both Sexes,Cleveland ,Ohio,City proper,Estimate - de jure,"Final figure, complete",2014,390928,"1,2"
United States of America,2012,Total,Both Sexes,Colorado Springs ,Colorado,City proper,Estimate - de jure,"Final figure, complete",2014,431834,"1,2"
United States of America,2012,Total,Both Sexes,Columbia ,Missouri,City proper,Estimate - de jure,"Final figure, complete",2014,113225,"1,2"
United States of America,2012,Total,Both Sexes,Columbia ,South Carolina,City proper,Estimate - de jure,"Final figure, complete",2014,131686,"1,2"
United States of America,2012,Total,Both Sexes,Columbus ,Georgia,City proper,Estimate - de jure,"Final figure, complete",2014,198413,"1,2"
United States of America,2012,Total,Both Sexes,Columbus ,Ohio,City proper,Estimate - de jure,"Final figure, complete",2014,809798,"1,2"
United States of America,2012,Total,Both Sexes,Concord ,California,City proper,Estimate - de jure,"Final figure, complete",2014,124711,"1,2"
United States of America,2012,Total,Both Sexes,Coral Springs ,Florida,City proper,Estimate - de jure,"Final figure, complete",2014,125287,"1,2"
United States of America,2012,Total,Both Sexes,Corona ,California,City proper,Estimate - de jure,"Final figure, complete",2014,158391,"1,2"
United States of America,2012,Total,Both Sexes,Corpus Christi ,Texas,City proper,Estimate - de jure,"Final figure, complete",2014,312195,"1,2"
United States of America,2012,Total,Both Sexes,Costa Mesa ,California,City proper,Estimate - de jure,"Final figure, complete",2014,111918,"1,2"
United States of America,2012,Total,Both Sexes,Dallas ,Texas,City proper,Estimate - de jure,"Final figure, complete",2014,1241162,"1,2"
United States of America,2012,Total,Both Sexes,Daly City ,California,City proper,Estimate - de jure,"Final figure, complete",2014,103690,"1,2"
United States of America,2012,Total,Both Sexes,Davenport ,Iowa,City proper,Estimate - de jure,"Final figure, complete",2014,101363,"1,2"
United States of America,2012,Total,Both Sexes,Dayton ,Ohio,City proper,Estimate - de jure,"Final figure, complete",2014,141359,"1,2"
United States of America,2012,Total,Both Sexes,Denton ,Texas,City proper,Estimate - de jure,"Final figure, complete",2014,121123,"1,2"
United States of America,2012,Total,Both Sexes,Denver ,Colorado,City proper,Estimate - de jure,"Final figure, complete",2014,634265,"1,2"
United States of America,2012,Total,Both Sexes,Des Moines ,Iowa,City proper,Estimate - de jure,"Final figure, complete",2014,206688,"1,2"
United States of America,2012,Total,Both Sexes,Detroit ,Michigan,City proper,Estimate - de jure,"Final figure, complete",2014,701475,"1,2"
United States of America,2012,Total,Both Sexes,Downey ,California,City proper,Estimate - de jure,"Final figure, complete",2014,112873,"1,2"
United States of America,2012,Total,Both Sexes,Durham ,North Carolina,City proper,Estimate - de jure,"Final figure, complete",2014,239358,"1,2"
United States of America,2012,Total,Both Sexes,El Monte ,California,City proper,Estimate - de jure,"Final figure, complete",2014,115111,"1,2"
United States of America,2012,Total,Both Sexes,El Paso ,Texas,City proper,Estimate - de jure,"Final figure, complete",2014,672538,"1,2"
United States of America,2012,Total,Both Sexes,Elgin ,Illinois,City proper,Estimate - de jure,"Final figure, complete",2014,109927,"1,2"
United States of America,2012,Total,Both Sexes,Elizabeth ,New Jersey,City proper,Estimate - de jure,"Final figure, complete",2014,126458,"1,2"
United States of America,2012,Total,Both Sexes,Elk Grove ,California,City proper,Estimate - de jure,"Final figure, complete",2014,159038,"1,2"
United States of America,2012,Total,Both Sexes,Erie ,Pennsylvania,City proper,Estimate - de jure,"Final figure, complete",2014,101047,"1,2"
United States of America,2012,Total,Both Sexes,Escondido ,California,City proper,Estimate - de jure,"Final figure, complete",2014,147575,"1,2"
United States of America,2012,Total,Both Sexes,Eugene ,Oregon,City proper,Estimate - de jure,"Final figure, complete",2014,157986,"1,2"
United States of America,2012,Total,Both Sexes,Evansville ,Indiana,City proper,Estimate - de jure,"Final figure, complete",2014,120235,"1,2"
United States of America,2012,Total,Both Sexes,Everett ,Washington,City proper,Estimate - de jure,"Final figure, complete",2014,104655,"1,2"
United States of America,2012,Total,Both Sexes,Fairfield ,California,City proper,Estimate - de jure,"Final figure, complete",2014,107684,"1,2"
United States of America,2012,Total,Both Sexes,Fargo ,North Dakota,City proper,Estimate - de jure,"Final figure, complete",2014,109779,"1,2"
United States of America,2012,Total,Both Sexes,Fayetteville ,North Carolina,City proper,Estimate - de jure,"Final figure, complete",2014,202103,"1,2"
United States of America,2012,Total,Both Sexes,Flint ,Michigan,City proper,Estimate - de jure,"Final figure, complete",2014,100515,"1,2"
United States of America,2012,Total,Both Sexes,Fontana ,California,City proper,Estimate - de jure,"Final figure, complete",2014,201812,"1,2"
United States of America,2012,Total,Both Sexes,Fort Collins ,Colorado,City proper,Estimate - de jure,"Final figure, complete",2014,148612,"1,2"
United States of America,2012,Total,Both Sexes,Fort Lauderdale ,Florida,City proper,Estimate - de jure,"Final figure, complete",2014,170747,"1,2"
United States of America,2012,Total,Both Sexes,Fort Wayne ,Indiana,City proper,Estimate - de jure,"Final figure, complete",2014,254555,"1,2"
United States of America,2012,Total,Both Sexes,Fort Worth ,Texas,City proper,Estimate - de jure,"Final figure, complete",2014,777992,"1,2"
United States of America,2012,Total,Both Sexes,Fremont ,California,City proper,Estimate - de jure,"Final figure, complete",2014,221986,"1,2"
United States of America,2012,Total,Both Sexes,Fresno ,California,City proper,Estimate - de jure,"Final figure, complete",2014,505882,"1,2"
United States of America,2012,Total,Both Sexes,Frisco ,Texas,City proper,Estimate - de jure,"Final figure, complete",2014,128176,"1,2"
United States of America,2012,Total,Both Sexes,Fullerton ,California,City proper,Estimate - de jure,"Final figure, complete",2014,138574,"1,2"
United States of America,2012,Total,Both Sexes,Gainesville ,Florida,City proper,Estimate - de jure,"Final figure, complete",2014,126047,"1,2"
United States of America,2012,Total,Both Sexes,Garden Grove ,California,City proper,Estimate - de jure,"Final figure, complete",2014,174389,"1,2"
United States of America,2012,Total,Both Sexes,Garland ,Texas,City proper,Estimate - de jure,"Final figure, complete",2014,233564,"1,2"
United States of America,2012,Total,Both Sexes,Gilbert ,Arizona,City proper,Estimate - de jure,"Final figure, complete",2014,221140,"1,2"
United States of America,2012,Total,Both Sexes,Glendale ,Arizona,City proper,Estimate - de jure,"Final figure, complete",2014,232143,"1,2"
United States of America,2012,Total,Both Sexes,Glendale ,California,City proper,Estimate - de jure,"Final figure, complete",2014,194478,"1,2"
United States of America,2012,Total,Both Sexes,Grand Prairie ,Texas,City proper,Estimate - de jure,"Final figure, complete",2014,181824,"1,2"
United States of America,2012,Total,Both Sexes,Grand Rapids ,Michigan,City proper,Estimate - de jure,"Final figure, complete",2014,190411,"1,2"
United States of America,2012,Total,Both Sexes,Green Bay ,Wisconsin,City proper,Estimate - de jure,"Final figure, complete",2014,104868,"1,2"
United States of America,2012,Total,Both Sexes,Greensboro ,North Carolina,City proper,Estimate - de jure,"Final figure, complete",2014,277080,"1,2"
United States of America,2012,Total,Both Sexes,Gresham ,Oregon,City proper,Estimate - de jure,"Final figure, complete",2014,108956,"1,2"
United States of America,2012,Total,Both Sexes,Hampton ,Virginia,City proper,Estimate - de jure,"Final figure, complete",2014,136836,"1,2"
United States of America,2012,Total,Both Sexes,Hartford ,Connecticut,City proper,Estimate - de jure,"Final figure, complete",2014,124893,"1,2"
United States of America,2012,Total,Both Sexes,Hayward ,California,City proper,Estimate - de jure,"Final figure, complete",2014,149392,"1,2"
United States of America,2012,Total,Both Sexes,Henderson ,Nevada,City proper,Estimate - de jure,"Final figure, complete",2014,265679,"1,2"
United States of America,2012,Total,Both Sexes,Hialeah ,Florida,City proper,Estimate - de jure,"Final figure, complete",2014,231941,"1,2"
United States of America,2012,Total,Both Sexes,High Point City ,North Carolina,City proper,Estimate - de jure,"Final figure, complete",2014,106586,"1,2"
United States of America,2012,Total,Both Sexes,Hollywood ,Florida,City proper,Estimate - de jure,"Final figure, complete",2014,145236,"1,2"
United States of America,2012,Total,Both Sexes,Urban Honolulu ,Hawaii,City proper,Estimate - de jure,"Final figure, complete",2014,345610,"1,2"
United States of America,2012,Total,Both Sexes,Houston ,Texas,City proper,Estimate - de jure,"Final figure, complete",2014,2160821,"1,2"
United States of America,2012,Total,Both Sexes,Huntington Beach ,California,City proper,Estimate - de jure,"Final figure, complete",2014,194708,"1,2"
United States of America,2012,Total,Both Sexes,Huntsville ,Alabama,City proper,Estimate - de jure,"Final figure, complete",2014,183739,"1,2"
United States of America,2012,Total,Both Sexes,Independence ,Missouri,City proper,Estimate - de jure,"Final figure, complete",2014,117270,"1,2"
United States of America,2012,Total,Both Sexes,Indianapolis ,Indiana,City proper,Estimate - de jure,"Final figure, complete",2014,834852,"1,2"
United States of America,2012,Total,Both Sexes,Inglewood ,California,City proper,Estimate - de jure,"Final figure, complete",2014,111182,"1,2"
United States of America,2012,Total,Both Sexes,Irvine ,California,City proper,Estimate - de jure,"Final figure, complete",2014,229985,"1,2"
United States of America,2012,Total,Both Sexes,Irving ,Texas,City proper,Estimate - de jure,"Final figure, complete",2014,225427,"1,2"
United States of America,2012,Total,Both Sexes,Jackson ,Mississippi,City proper,Estimate - de jure,"Final figure, complete",2014,175437,"1,2"
United States of America,2012,Total,Both Sexes,Jacksonville ,Florida,City proper,Estimate - de jure,"Final figure, complete",2014,836507,"1,2"
United States of America,2012,Total,Both Sexes,Jersey City ,New Jersey,City proper,Estimate - de jure,"Final figure, complete",2014,254441,"1,2"
United States of America,2012,Total,Both Sexes,Joliet ,Illinois,City proper,Estimate - de jure,"Final figure, complete",2014,148268,"1,2"
United States of America,2012,Total,Both Sexes,Kansas City ,Kansas,City proper,Estimate - de jure,"Final figure, complete",2014,147268,"1,2"
United States of America,2012,Total,Both Sexes,Kansas City ,Missouri,City proper,Estimate - de jure,"Final figure, complete",2014,464310,"1,2"
United States of America,2012,Total,Both Sexes,Killeen ,Texas,City proper,Estimate - de jure,"Final figure, complete",2014,134654,"1,2"
United States of America,2012,Total,Both Sexes,Knoxville ,Tennessee,City proper,Estimate - de jure,"Final figure, complete",2014,182200,"1,2"
United States of America,2012,Total,Both Sexes,Lafayette ,Louisiana,City proper,Estimate - de jure,"Final figure, complete",2014,122761,"1,2"
United States of America,2012,Total,Both Sexes,Lakewood ,Colorado,City proper,Estimate - de jure,"Final figure, complete",2014,145516,"1,2"
United States of America,2012,Total,Both Sexes,Lancaster ,California,City proper,Estimate - de jure,"Final figure, complete",2014,159055,"1,2"
United States of America,2012,Total,Both Sexes,Lansing ,Michigan,City proper,Estimate - de jure,"Final figure, complete",2014,113996,"1,2"
United States of America,2012,Total,Both Sexes,Laredo ,Texas,City proper,Estimate - de jure,"Final figure, complete",2014,244731,"1,2"
United States of America,2012,Total,Both Sexes,Las Vegas ,Nevada,City proper,Estimate - de jure,"Final figure, complete",2014,596424,"1,2"
United States of America,2012,Total,Both Sexes,Lexington-Fayette ,Kentucky,City proper,Estimate - de jure,"Final figure, complete",2014,305489,"1,2"
United States of America,2012,Total,Both Sexes,Lincoln ,Nebraska,City proper,Estimate - de jure,"Final figure, complete",2014,265404,"1,2"
United States of America,2012,Total,Both Sexes,Little Rock ,Arkansas,City proper,Estimate - de jure,"Final figure, complete",2014,196537,"1,2"
United States of America,2012,Total,Both Sexes,Long Beach ,California,City proper,Estimate - de jure,"Final figure, complete",2014,467892,"1,2"
United States of America,2012,Total,Both Sexes,Los Angeles ,California,City proper,Estimate - de jure,"Final figure, complete",2014,3857799,"1,2"
United States of America,2012,Total,Both Sexes,Louisville ,Kentucky,City proper,Estimate - de jure,"Final figure, complete",2014,605110,"1,2"
United States of America,2012,Total,Both Sexes,Lowell ,Massachusetts,City proper,Estimate - de jure,"Final figure, complete",2014,108522,"1,2"
United States of America,2012,Total,Both Sexes,Lubbock ,Texas,City proper,Estimate - de jure,"Final figure, complete",2014,236065,"1,2"
United States of America,2012,Total,Both Sexes,Madison ,Wisconsin,City proper,Estimate - de jure,"Final figure, complete",2014,240323,"1,2"
United States of America,2012,Total,Both Sexes,Manchester ,New Hampshire,City proper,Estimate - de jure,"Final figure, complete",2014,110209,"1,2"
United States of America,2012,Total,Both Sexes,McAllen ,Texas,City proper,Estimate - de jure,"Final figure, complete",2014,134719,"1,2"
United States of America,2012,Total,Both Sexes,McKinney City ,Texas,City proper,Estimate - de jure,"Final figure, complete",2014,143223,"1,2"
United States of America,2012,Total,Both Sexes,Memphis ,Tennessee,City proper,Estimate - de jure,"Final figure, complete",2014,655155,"1,2"
United States of America,2012,Total,Both Sexes,Mesa ,Arizona,City proper,Estimate - de jure,"Final figure, complete",2014,452084,"1,2"
United States of America,2012,Total,Both Sexes,Mesquite ,Texas,City proper,Estimate - de jure,"Final figure, complete",2014,143195,"1,2"
United States of America,2012,Total,Both Sexes,Miami ,Florida,City proper,Estimate - de jure,"Final figure, complete",2014,413892,"1,2"
United States of America,2012,Total,Both Sexes,Miami Gardens ,Florida,City proper,Estimate - de jure,"Final figure, complete",2014,110754,"1,2"
United States of America,2012,Total,Both Sexes,Midland City ,Texas,City proper,Estimate - de jure,"Final figure, complete",2014,119385,"1,2"
United States of America,2012,Total,Both Sexes,Milwaukee ,Wisconsin,City proper,Estimate - de jure,"Final figure, complete",2014,598916,"1,2"
United States of America,2012,Total,Both Sexes,Minneapolis ,Minnesota,City proper,Estimate - de jure,"Final figure, complete",2014,392880,"1,2"
United States of America,2012,Total,Both Sexes,Miramar ,Florida,City proper,Estimate - de jure,"Final figure, complete",2014,128729,"1,2"
United States of America,2012,Total,Both Sexes,Mobile ,Alabama,City proper,Estimate - de jure,"Final figure, complete",2014,194822,"1,2"
United States of America,2012,Total,Both Sexes,Modesto ,California,City proper,Estimate - de jure,"Final figure, complete",2014,203547,"1,2"
United States of America,2012,Total,Both Sexes,Montgomery ,Alabama,City proper,Estimate - de jure,"Final figure, complete",2014,205293,"1,2"
United States of America,2012,Total,Both Sexes,Moreno Valley ,California,City proper,Estimate - de jure,"Final figure, complete",2014,199552,"1,2"
United States of America,2012,Total,Both Sexes,Murrieta ,California,City proper,Estimate - de jure,"Final figure, complete",2014,106810,"1,2"
United States of America,2012,Total,Both Sexes,Murfreesboro ,Tennessee,City proper,Estimate - de jure,"Final figure, complete",2014,114038,"1,2"
United States of America,2012,Total,Both Sexes,Naperville ,Illinois,City proper,Estimate - de jure,"Final figure, complete",2014,143684,"1,2"
United States of America,2012,Total,Both Sexes,Nashville-Davidson ,Tennessee,City proper,Estimate - de jure,"Final figure, complete",2014,624496,"1,2"
United States of America,2012,Total,Both Sexes,New Haven ,Connecticut,City proper,Estimate - de jure,"Final figure, complete",2014,130741,"1,2"
United States of America,2012,Total,Both Sexes,New Orleans ,Louisiana,City proper,Estimate - de jure,"Final figure, complete",2014,369250,"1,2"
United States of America,2012,Total,Both Sexes,New York ,New York,City proper,Estimate - de jure,"Final figure, complete",2014,8336697,"1,2"
United States of America,2012,Total,Both Sexes,Newark ,New Jersey,City proper,Estimate - de jure,"Final figure, complete",2014,277727,"1,2"
United States of America,2012,Total,Both Sexes,Newport News ,Virginia,City proper,Estimate - de jure,"Final figure, complete",2014,180726,"1,2"
United States of America,2012,Total,Both Sexes,Norfolk ,Virginia,City proper,Estimate - de jure,"Final figure, complete",2014,245782,"1,2"
United States of America,2012,Total,Both Sexes,Norman ,Oklahoma,City proper,Estimate - de jure,"Final figure, complete",2014,115562,"1,2"
United States of America,2012,Total,Both Sexes,North Charleston ,South Carolina,City proper,Estimate - de jure,"Final figure, complete",2014,101989,"1,2"
United States of America,2012,Total,Both Sexes,North Las Vegas ,Nevada,City proper,Estimate - de jure,"Final figure, complete",2014,223491,"1,2"
United States of America,2012,Total,Both Sexes,Norwalk ,California,City proper,Estimate - de jure,"Final figure, complete",2014,106278,"1,2"
United States of America,2012,Total,Both Sexes,Oakland ,California,City proper,Estimate - de jure,"Final figure, complete",2014,400740,"1,2"
United States of America,2012,Total,Both Sexes,Oceanside ,California,City proper,Estimate - de jure,"Final figure, complete",2014,171293,"1,2"
United States of America,2012,Total,Both Sexes,Odessa ,Texas,City proper,Estimate - de jure,"Final figure, complete",2014,106102,"1,2"
United States of America,2012,Total,Both Sexes,Oklahoma City ,Oklahoma,City proper,Estimate - de jure,"Final figure, complete",2014,599199,"1,2"
United States of America,2012,Total,Both Sexes,Olathe ,Kansas,City proper,Estimate - de jure,"Final figure, complete",2014,130045,"1,2"
United States of America,2012,Total,Both Sexes,Omaha ,Nebraska,City proper,Estimate - de jure,"Final figure, complete",2014,421570,"1,2"
United States of America,2012,Total,Both Sexes,Ontario ,California,City proper,Estimate - de jure,"Final figure, complete",2014,167211,"1,2"
United States of America,2012,Total,Both Sexes,Orange ,California,City proper,Estimate - de jure,"Final figure, complete",2014,139419,"1,2"
United States of America,2012,Total,Both Sexes,Orlando ,Florida,City proper,Estimate - de jure,"Final figure, complete",2014,249562,"1,2"
United States of America,2012,Total,Both Sexes,Overland Park ,Kansas,City proper,Estimate - de jure,"Final figure, complete",2014,178919,"1,2"
United States of America,2012,Total,Both Sexes,Oxnard ,California,City proper,Estimate - de jure,"Final figure, complete",2014,201555,"1,2"
United States of America,2012,Total,Both Sexes,Palmdale ,California,City proper,Estimate - de jure,"Final figure, complete",2014,155650,"1,2"
United States of America,2012,Total,Both Sexes,Palm Bay City ,Florida,City proper,Estimate - de jure,"Final figure, complete",2014,104124,"1,2"
United States of America,2012,Total,Both Sexes,Pasadena ,California,City proper,Estimate - de jure,"Final figure, complete",2014,138547,"1,2"
United States of America,2012,Total,Both Sexes,Pasadena ,Texas,City proper,Estimate - de jure,"Final figure, complete",2014,152272,"1,2"
United States of America,2012,Total,Both Sexes,Paterson ,New Jersey,City proper,Estimate - de jure,"Final figure, complete",2014,145219,"1,2"
United States of America,2012,Total,Both Sexes,Pembroke Pines ,Florida,City proper,Estimate - de jure,"Final figure, complete",2014,160306,"1,2"
United States of America,2012,Total,Both Sexes,Peoria ,Arizona,City proper,Estimate - de jure,"Final figure, complete",2014,159789,"1,2"
United States of America,2012,Total,Both Sexes,Peoria ,Illinois,City proper,Estimate - de jure,"Final figure, complete",2014,115687,"1,2"
United States of America,2012,Total,Both Sexes,Philadelphia ,Pennsylvania,City proper,Estimate - de jure,"Final figure, complete",2014,1547607,"1,2"
United States of America,2012,Total,Both Sexes,Phoenix ,Arizona,City proper,Estimate - de jure,"Final figure, complete",2014,1488750,"1,2"
United States of America,2012,Total,Both Sexes,Pittsburgh ,Pennsylvania,City proper,Estimate - de jure,"Final figure, complete",2014,306211,"1,2"
United States of America,2012,Total,Both Sexes,Plano ,Texas,City proper,Estimate - de jure,"Final figure, complete",2014,272068,"1,2"
United States of America,2012,Total,Both Sexes,Pomona ,California,City proper,Estimate - de jure,"Final figure, complete",2014,150812,"1,2"
United States of America,2012,Total,Both Sexes,Pompano Beach ,Florida,City proper,Estimate - de jure,"Final figure, complete",2014,102984,"1,2"
United States of America,2012,Total,Both Sexes,Port St. Lucie ,Florida,City proper,Estimate - de jure,"Final figure, complete",2014,168716,"1,2"
United States of America,2012,Total,Both Sexes,Portland ,Oregon,City proper,Estimate - de jure,"Final figure, complete",2014,603106,"1,2"
United States of America,2012,Total,Both Sexes,Providence ,Rhode Island,City proper,Estimate - de jure,"Final figure, complete",2014,178432,"1,2"
United States of America,2012,Total,Both Sexes,Provo ,Utah,City proper,Estimate - de jure,"Final figure, complete",2014,115919,"1,2"
United States of America,2012,Total,Both Sexes,Pueblo ,Colorado,City proper,Estimate - de jure,"Final figure, complete",2014,107772,"1,2"
United States of America,2012,Total,Both Sexes,Raleigh ,North Carolina,City proper,Estimate - de jure,"Final figure, complete",2014,423179,"1,2"
United States of America,2012,Total,Both Sexes,Rancho Cucamonga ,California,City proper,Estimate - de jure,"Final figure, complete",2014,170746,"1,2"
United States of America,2012,Total,Both Sexes,Reno ,Nevada,City proper,Estimate - de jure,"Final figure, complete",2014,231027,"1,2"
United States of America,2012,Total,Both Sexes,Rialto ,California,City proper,Estimate - de jure,"Final figure, complete",2014,101740,"1,2"
United States of America,2012,Total,Both Sexes,Richardson ,Texas,City proper,Estimate - de jure,"Final figure, complete",2014,103297,"1,2"
United States of America,2012,Total,Both Sexes,Richmond ,California,City proper,Estimate - de jure,"Final figure, complete",2014,106516,"1,2"
United States of America,2012,Total,Both Sexes,Richmond ,Virginia,City proper,Estimate - de jure,"Final figure, complete",2014,210309,"1,2"
United States of America,2012,Total,Both Sexes,Riverside ,California,City proper,Estimate - de jure,"Final figure, complete",2014,313673,"1,2"
United States of America,2012,Total,Both Sexes,Rochester ,Minnesota,City proper,Estimate - de jure,"Final figure, complete",2014,108992,"1,2"
United States of America,2012,Total,Both Sexes,Rochester ,New York,City proper,Estimate - de jure,"Final figure, complete",2014,210532,"1,2"
United States of America,2012,Total,Both Sexes,Rockford ,Illinois,City proper,Estimate - de jure,"Final figure, complete",2014,150843,"1,2"
United States of America,2012,Total,Both Sexes,Roseville ,California,City proper,Estimate - de jure,"Final figure, complete",2014,124519,"1,2"
United States of America,2012,Total,Both Sexes,Round Rock ,Texas,City proper,Estimate - de jure,"Final figure, complete",2014,106573,"1,2"
United States of America,2012,Total,Both Sexes,Sacramento ,California,City proper,Estimate - de jure,"Final figure, complete",2014,475516,"1,2"
United States of America,2012,Total,Both Sexes,Salem ,Oregon,City proper,Estimate - de jure,"Final figure, complete",2014,157429,"1,2"
United States of America,2012,Total,Both Sexes,Salinas ,California,City proper,Estimate - de jure,"Final figure, complete",2014,154484,"1,2"
United States of America,2012,Total,Both Sexes,Salt Lake City ,Utah,City proper,Estimate - de jure,"Final figure, complete",2014,189314,"1,2"
United States of America,2012,Total,Both Sexes,San Antonio ,Texas,City proper,Estimate - de jure,"Final figure, complete",2014,1382951,"1,2"
United States of America,2012,Total,Both Sexes,San Bernardino ,California,City proper,Estimate - de jure,"Final figure, complete",2014,213295,"1,2"
United States of America,2012,Total,Both Sexes,San Buenaventura ,California,City proper,Estimate - de jure,"Final figure, complete",2014,107734,"1,2"
United States of America,2012,Total,Both Sexes,San Diego ,California,City proper,Estimate - de jure,"Final figure, complete",2014,1338348,"1,2"
United States of America,2012,Total,Both Sexes,San Francisco ,California,City proper,Estimate - de jure,"Final figure, complete",2014,825863,"1,2"
United States of America,2012,Total,Both Sexes,San Jose ,California,City proper,Estimate - de jure,"Final figure, complete",2014,982765,"1,2"
United States of America,2012,Total,Both Sexes,Santa Ana ,California,City proper,Estimate - de jure,"Final figure, complete",2014,330920,"1,2"
United States of America,2012,Total,Both Sexes,Santa Clara ,California,City proper,Estimate - de jure,"Final figure, complete",2014,119311,"1,2"
United States of America,2012,Total,Both Sexes,Santa Clarita ,California,City proper,Estimate - de jure,"Final figure, complete",2014,179013,"1,2"
United States of America,2012,Total,Both Sexes,Santa Maria ,California,City proper,Estimate - de jure,"Final figure, complete",2014,101459,"1,2"
United States of America,2012,Total,Both Sexes,Santa Rosa ,California,City proper,Estimate - de jure,"Final figure, complete",2014,170685,"1,2"
United States of America,2012,Total,Both Sexes,Savannah ,Georgia,City proper,Estimate - de jure,"Final figure, complete",2014,142022,"1,2"
United States of America,2012,Total,Both Sexes,Scottsdale ,Arizona,City proper,Estimate - de jure,"Final figure, complete",2014,223514,"1,2"
United States of America,2012,Total,Both Sexes,Seattle ,Washington,City proper,Estimate - de jure,"Final figure, complete",2014,634535,"1,2"
United States of America,2012,Total,Both Sexes,Shreveport ,Louisiana,City proper,Estimate - de jure,"Final figure, complete",2014,201867,"1,2"
United States of America,2012,Total,Both Sexes,Simi Valley ,California,City proper,Estimate - de jure,"Final figure, complete",2014,125793,"1,2"
United States of America,2012,Total,Both Sexes,Sioux Falls ,South Dakota,City proper,Estimate - de jure,"Final figure, complete",2014,159908,"1,2"
United States of America,2012,Total,Both Sexes,South Bend ,Indiana,City proper,Estimate - de jure,"Final figure, complete",2014,100800,"1,2"
United States of America,2012,Total,Both Sexes,Spokane ,Washington,City proper,Estimate - de jure,"Final figure, complete",2014,209525,"1,2"
United States of America,2012,Total,Both Sexes,Springfield ,Illinois,City proper,Estimate - de jure,"Final figure, complete",2014,117126,"1,2"
United States of America,2012,Total,Both Sexes,Springfield ,Massachusetts,City proper,Estimate - de jure,"Final figure, complete",2014,153552,"1,2"
United States of America,2012,Total,Both Sexes,Springfield ,Missouri,City proper,Estimate - de jure,"Final figure, complete",2014,162191,"1,2"
United States of America,2012,Total,Both Sexes,St. Louis ,Missouri,City proper,Estimate - de jure,"Final figure, complete",2014,318172,"1,2"
United States of America,2012,Total,Both Sexes,St. Paul ,Minnesota,City proper,Estimate - de jure,"Final figure, complete",2014,290770,"1,2"
United States of America,2012,Total,Both Sexes,St. Petersburg ,Florida,City proper,Estimate - de jure,"Final figure, complete",2014,246541,"1,2"
United States of America,2012,Total,Both Sexes,Stamford ,Connecticut,City proper,Estimate - de jure,"Final figure, complete",2014,125109,"1,2"
United States of America,2012,Total,Both Sexes,Sterling Heights ,Michigan,City proper,Estimate - de jure,"Final figure, complete",2014,130410,"1,2"
United States of America,2012,Total,Both Sexes,Stockton ,California,City proper,Estimate - de jure,"Final figure, complete",2014,297984,"1,2"
United States of America,2012,Total,Both Sexes,Sunnyvale ,California,City proper,Estimate - de jure,"Final figure, complete",2014,146197,"1,2"
United States of America,2012,Total,Both Sexes,Surprise ,Arizona,City proper,Estimate - de jure,"Final figure, complete",2014,121287,"1,2"
United States of America,2012,Total,Both Sexes,Syracuse ,New York,City proper,Estimate - de jure,"Final figure, complete",2014,144170,"1,2"
United States of America,2012,Total,Both Sexes,Tacoma ,Washington,City proper,Estimate - de jure,"Final figure, complete",2014,202010,"1,2"
United States of America,2012,Total,Both Sexes,Tallahassee ,Florida,City proper,Estimate - de jure,"Final figure, complete",2014,186971,"1,2"
United States of America,2012,Total,Both Sexes,Tampa ,Florida,City proper,Estimate - de jure,"Final figure, complete",2014,347645,"1,2"
United States of America,2012,Total,Both Sexes,Temecula ,California,City proper,Estimate - de jure,"Final figure, complete",2014,105208,"1,2"
United States of America,2012,Total,Both Sexes,Tempe ,Arizona,City proper,Estimate - de jure,"Final figure, complete",2014,166842,"1,2"
United States of America,2012,Total,Both Sexes,Thornton ,Colorado,City proper,Estimate - de jure,"Final figure, complete",2014,124140,"1,2"
United States of America,2012,Total,Both Sexes,Thousand Oaks ,California,City proper,Estimate - de jure,"Final figure, complete",2014,128412,"1,2"
United States of America,2012,Total,Both Sexes,Toledo ,Ohio,City proper,Estimate - de jure,"Final figure, complete",2014,284012,"1,2"
United States of America,2012,Total,Both Sexes,Topeka ,Kansas,City proper,Estimate - de jure,"Final figure, complete",2014,127939,"1,2"
United States of America,2012,Total,Both Sexes,Torrance ,California,City proper,Estimate - de jure,"Final figure, complete",2014,147027,"1,2"
United States of America,2012,Total,Both Sexes,Tucson ,Arizona,City proper,Estimate - de jure,"Final figure, complete",2014,524295,"1,2"
United States of America,2012,Total,Both Sexes,Tulsa ,Oklahoma,City proper,Estimate - de jure,"Final figure, complete",2014,393987,"1,2"
United States of America,2012,Total,Both Sexes,Vallejo ,California,City proper,Estimate - de jure,"Final figure, complete",2014,117796,"1,2"
United States of America,2012,Total,Both Sexes,Vancouver ,Washington,City proper,Estimate - de jure,"Final figure, complete",2014,165489,"1,2"
United States of America,2012,Total,Both Sexes,Victorville City ,California,City proper,Estimate - de jure,"Final figure, complete",2014,120336,"1,2"
United States of America,2012,Total,Both Sexes,Virginia Beach ,Virginia,City proper,Estimate - de jure,"Final figure, complete",2014,447021,"1,2"
United States of America,2012,Total,Both Sexes,Visalia ,California,City proper,Estimate - de jure,"Final figure, complete",2014,127081,"1,2"
United States of America,2012,Total,Both Sexes,Waco ,Texas,City proper,Estimate - de jure,"Final figure, complete",2014,127018,"1,2"
United States of America,2012,Total,Both Sexes,Warren ,Michigan,City proper,Estimate - de jure,"Final figure, complete",2014,134141,"1,2"
United States of America,2012,Total,Both Sexes,WASHINGTON ,Dist. of Columbia,City proper,Estimate - de jure,"Final figure, complete",2014,632323,"1,2"
United States of America,2012,Total,Both Sexes,Waterbury ,Connecticut,City proper,Estimate - de jure,"Final figure, complete",2014,109915,"1,2"
United States of America,2012,Total,Both Sexes,West Covina ,California,City proper,Estimate - de jure,"Final figure, complete",2014,107440,"1,2"
United States of America,2012,Total,Both Sexes,West Jordan ,Utah,City proper,Estimate - de jure,"Final figure, complete",2014,108383,"1,2"
United States of America,2012,Total,Both Sexes,West Palm Beach ,Florida,City proper,Estimate - de jure,"Final figure, complete",2014,101903,"1,2"
United States of America,2012,Total,Both Sexes,West Valley City ,Utah,City proper,Estimate - de jure,"Final figure, complete",2014,132434,"1,2"
United States of America,2012,Total,Both Sexes,Westminster ,Colorado,City proper,Estimate - de jure,"Final figure, complete",2014,109169,"1,2"
United States of America,2012,Total,Both Sexes,Wichita ,Kansas,City proper,Estimate - de jure,"Final figure, complete",2014,385577,"1,2"
United States of America,2012,Total,Both Sexes,Wichita Falls ,Texas,City proper,Estimate - de jure,"Final figure, complete",2014,104552,"1,2"
United States of America,2012,Total,Both Sexes,Wilmington ,North Carolina,City proper,Estimate - de jure,"Final figure, complete",2014,109922,"1,2"
United States of America,2012,Total,Both Sexes,Winston-Salem ,North Carolina,City proper,Estimate - de jure,"Final figure, complete",2014,234349,"1,2"
United States of America,2012,Total,Both Sexes,Worcester ,Massachusetts,City proper,Estimate - de jure,"Final figure, complete",2014,182669,"1,2"
United States of America,2012,Total,Both Sexes,Yonkers ,New York,City proper,Estimate - de jure,"Final figure, complete",2014,198449,"1,2"